{"stats":{"minecraft:killed":{"minecraft:chicken":3},"minecraft:mined":{"minecraft:short_grass":140,"minecraft:tall_grass":22},"minecraft:dropped":{"minecraft:chicken":5,"minecraft:feather":2,"minecraft:stone":1,"minecraft:wheat_seeds":8,"minecraft:netherite_sword":2},"minecraft:custom":{"minecraft:time_since_rest":2997,"minecraft:crouch_one_cm":29,"minecraft:damage_taken":290,"minecraft:sprint_one_cm":15139,"minecraft:play_time":5477,"minecraft:deaths":1,"minecraft:walk_one_cm":3184,"minecraft:sneak_time":169,"minecraft:mob_kills":3,"minecraft:drop":14,"minecraft:jump":191,"minecraft:damage_dealt":190,"minecraft:leave_game":2,"minecraft:walk_on_water_one_cm":186,"minecraft:time_since_death":2973,"minecraft:total_world_time":5477,"minecraft:fall_one_cm":5402,"minecraft:fly_one_cm":62576,"minecraft:open_chest":1},"minecraft:picked_up":{"minecraft:feather":2,"minecraft:chicken":5,"minecraft:wheat_seeds":9,"minecraft:netherite_sword":1},"minecraft:used":{"minecraft:netherite_sword":3,"minecraft:stone":2}},"DataVersion":3700}